001 | chicken, fox, giant cockroach, giant slug, giant tick, goblin, jackal, kobold scout, kobold zombie, larva, lichen, newt, rabbit, sewer rat
002 | acid blob, bat, brown mould, coyote, gas spore, gecko, giant rat, green mould, lamb, large kobold, maggot, manes, rabid rabbit, red mould, rot worm, shrieker, yellow mould
003 | bile worm, black rat, cave spider, dingo puppy, dretch, dung worm, fledgling raven, floating eye, garter snake, giant bat, gnome thief, hobgoblin, homunculus, iguana, kitten, little dog, pack rat, rabid rat, ratwere, straw golem, wererat, yellow light
004 | baby crocodile, centipede, cockatoo, fog cloud, giant ant, giant badger, giant termite, gnome lord, gnome zombie, grey ooze, kobold mummy, kobold shaman, leprechaun, monkey, paper golem, pony, rhaumbusun, rock mole, rock piercer, rothé, snake, woodchuck
005 | baby blue dragon, baby deep dragon, baby orange dragon, baby red dragon, baby white dragon, baby yellow dragon, bad egg, barking spider, blue jelly, chickatrice, dog, giant flea, gnomish wizard, housecat, killer bee, lemure, orc grunt, orc shaman, pixie, sheep, tsetse fly, violet fungus, water nymph, water sphere
006 | ape, athol, baby black dragon, baby gold dragon, baby green dragon, baby shimmering dragon, baby silver dragon, black unicorn, carrion crawler, ghast, gnome mummy, gnome warrior, goat, gremlin, juvenile raven, lizard, pig, plains centaur, plastic golem, quivering blob, red naga hatchling, scramper, shadow, soldier ant
007 | black light, brown pudding, cockatrice, dingo, disgusting mould, flame sphere, giant louse, giant spider, gibberling, glowing eye, hellrat, hill orc, horse, jackalwere, jellyfish, large cat, large dog, pile of killer coins, quickling, small mimic, spotted jelly, water moccasin, werejackal, wraith
008 | adult raven, black mould, black naga hatchling, carnivorous ape, caterwaul, cow, dao, dust vortex, dwarf zombie, gelatinous cube, gila monster, imp, piranha, python, rat king, rust monster, scorpion, wax golem, wolf
009 | assassin bug, blinking eye, cave troll, frost sphere, glass piercer, golden naga hatchling, green slime, hellbat, mongbat, nupperibo, owlbear, panther, parrot, quantum mechanic, rhumbat, rope golem, rutterkin, squealer, stalker, swamp kobold, warhorse, woodland elf
010 | chameleon, doppelgänger, dwarf thief, electric eel, gold golem, grey unicorn, guardian naga hatchling, human zombie, large dingo, migo drone, mind flayer, mumak, orange jelly, orc zombie, quasit, statue gargoyle, warg, wood nymph, yeti
011 | brownie, cave bear, couatl, earth sphere, giant frog, grimlock, ice vortex, jiggling blob, large mimic, rock kobold, stone giant, water demon, xorn, young orange dragon
012 | catoblepas, deep gnome, elf zombie, forest centaur, genetic engineer, green elf, kamadan, lava blob, leather golem, living wall, mobat, ochre jelly, pit bull, seal, umber hulk, winter wolf cub, xan
013 | baby long worm, baby purple worm, barrow wight, black wasp, crocodile, drow, duergar, dwarf warrior, kobold lord, lynx, mouldy pudding, nurse, pit viper, pyrolisk, shock sphere, snow golem, snow orc, spark bug, water troll, werewolf, wolfwere, young red dragon, young white dragon
014 | babau, disenchanter, dwarf mummy, ettin zombie, flesh golem, ghoul, giant crab, hell hound pup, hill giant, ice devil, kobold warrior, lich, migo warrior, orc warrior, shade, static blob, tunnel worm, water elemental, white unicorn
015 | burbling blob, cobra, fire ant, giant mimic, giant zombie, incubus, killer tripe ration, leocrotta, leprechaun wizard, mountain nymph, nickelpede, red naga, snow ant, succubus, tiger, vampire bat, wolverine, yellow jacket, young black dragon, young blue dragon, young yellow dragon, zruty
016 | blood imp, dwarf lord, fire elemental, giant eel, goblin king, grey elf, large pile of killer coins, ogre, rock troll, spiderwere, wood golem
017 | bloodworm, clear jelly, fire giant, great orc, iron piercer, kobold king, minotaur, phase spider, rabid wolf, sasquatch, steam vortex, vampire, werespider, wight, young deep dragon, young gold dragon, young green dragon
018 | arc bug, black naga, clay golem, deep one, demilich, earth elemental, gargoyle, harpy, jaguar, migo queen, orc berserker, orc mummy, war orc, wumpus
019 | archangel, basilisk, bloodshot eye, bugbear, giant wasp, gnoll, high elf, lizardman warrior, movanic deva, ogre mage, rancid jelly, snakewere, winter wolf, young shimmering dragon
020 | air elemental, disintegrator, elf mummy, fire nymph, frost giant, ghoul mage, glass golem, gnome king, golden naga, killer iron ration, lizardman shaman, mangler, master mind flayer, orc captain, shark, weresnake, wyvern, young silver dragon
021 | adult orange dragon, demon orc, dwarf king, gypsy, hellcat, ice troll, ki-rin, long worm, master lich, monadic deva, queen bee, shadow ogre, yellow jelly
022 | byakhee, elf lord, gnoll shaman, hell hound, human mummy, ice elemental, kraken, lizardman berserker, ogre lord, orc king, pantherwere, stone golem
023 | adult blue dragon, adult red dragon, adult white dragon, black pudding, fire vortex, ghoul queen, giant beetle, human king, komodo dragon, lightning bug, lizardman mage, recluse spider, sandestin, werepanther
024 | acid worm, astral deva, banshee, bull, elf king, guardian naga, gug, iron golem, lurker above, mountain centaur, nazgul, storm giant, vampire lord
025 | adult black dragon, adult yellow dragon, death dog, ettin, killer food ration, lizardman chieftain, nabassu, sabre-toothed cat, tigerwere, two-headed troll, winged gargoyle
026 | archon, asphynx, deeper one, gnoll warrior, pearl golem, purple worm, skeleton, treant, vampire mage
027 | adult deep dragon, adult gold dragon, adult green dragon, chasme, energy vortex, nightgaunt, pegasus, shadow wolf, spitting beetle, tengu, titanothere, water hulk, weretiger
028 | cyclops, ettin mummy, giant mummy, giant scorpion, jabberwock, marid, ogre king, ruby golem, salamander, vrock
029 | adult shimmering dragon, arch-lich, baluchitherium, black troll, killer beetle, spider queen, spined devil, titan
030 | adult silver dragon, barbed devil, diamond golem, fire vampire
031 | ancient orange dragon, bearded devil, gnoll chieftain, hezrou, king cobra, mastodon, shoggoth, troll mummy
032 | displacer beast, giant king, horned devil, huge pile of killer coins, mist wolf, nightmare, sapphire golem, warlock
033 | ancient blue dragon, ancient red dragon, ancient white dragon, bone devil, chromatic dragon, deepest one, star vampire
034 | beholder, juggernaut, medusa, mellified man, mithril golem, olog-hai
035 | ancient black dragon, ancient yellow dragon, bar-lgura, dracolich, marilith, nalfeshnee
036 | ancient green dragon, crystal golem, hydra, pit fiend, trapper, vampire king, vorpal jabberwock
037 | ancient deep dragon, ancient shimmering dragon, elephant, erinys, phase worm
038 | adamantine golem, balrog, dragon king, giant shoggoth
039 | ancient silver dragon
040 | ancient gold dragon
