000 | bat, fox, giant cockroach, giant slug, goblin, jackal, kobold scout, kobold zombie, lichen, newt, rabbit, sewer rat
001 | acid blob, brown mould, cave spider, coyote, garter snake, gas spore, gecko, giant rat, giant tick, gnome thief, green mould, hobgoblin, killer bee, lamb, large kobold, larva, manes, red mould, rot worm, yellow mould
002 | black rat, centipede, chicken, dingo puppy, dretch, fledgling raven, floating eye, giant ant, giant badger, giant bat, gnome zombie, homunculus, iguana, kitten, kobold shaman, little dog, maggot, monkey, rabid rabbit, ratwere, rhaumbusun, rothé, wererat
003 | baby crocodile, barking spider, bile worm, carrion crawler, chickatrice, cockatoo, dung worm, fog cloud, giant flea, giant termite, gnome lord, gnomish wizard, grey ooze, kobold mummy, lemure, orc grunt, orc shaman, paper golem, pixie, pony, rabid rat, rock mole, rock piercer, scramper, sheep, shrieker, snake, soldier ant, straw golem, tsetse fly, violet fungus, water nymph, water sphere, woodchuck, yellow light
004 | ape, baby black dragon, baby blue dragon, baby deep dragon, baby gold dragon, baby green dragon, baby orange dragon, baby red dragon, baby shimmering dragon, baby silver dragon, baby white dragon, baby yellow dragon, bad egg, black unicorn, blue jelly, dog, ghast, gnome mummy, goat, gremlin, housecat, juvenile raven, pack rat, plains centaur, shadow, water moccasin
005 | athol, black light, cockatrice, disgusting mould, flame sphere, giant louse, giant spider, glowing eye, gnome warrior, hellrat, hill orc, horse, jellyfish, leprechaun, lizard, pig, plastic golem, quickling, quivering blob, red naga hatchling, rust monster, scorpion, wraith
006 | adult raven, black mould, black naga hatchling, brown pudding, carnivorous ape, caterwaul, dingo, dust vortex, gelatinous cube, gibberling, gila monster, jackalwere, large cat, large dog, pile of killer coins, python, rat king, small mimic, spotted jelly, squealer, wax golem, werejackal
007 | assassin bug, blinking eye, cave troll, cow, dao, dwarf zombie, electric eel, frost sphere, golden naga hatchling, green slime, hellbat, imp, migo drone, mongbat, mumak, nupperibo, owlbear, panther, piranha, quantum mechanic, rhumbat, rope golem, rutterkin, warhorse, wolf, woodland elf
008 | brownie, couatl, doppelgänger, dwarf thief, glass piercer, grey unicorn, guardian naga hatchling, mind flayer, orange jelly, parrot, quasit, stalker, swamp kobold, water demon, wood nymph, xorn, yeti
009 | babau, cave bear, chameleon, earth sphere, giant frog, gold golem, human zombie, kamadan, large dingo, orc zombie, umber hulk, warg
010 | barrow wight, catoblepas, deep gnome, drow, forest centaur, green elf, grimlock, ice vortex, jiggling blob, large mimic, lava blob, living wall, migo warrior, mobat, ochre jelly, rock kobold, seal, statue gargoyle, stone giant, winter wolf cub, xan, young orange dragon
011 | black wasp, duergar, dwarf warrior, elf zombie, genetic engineer, ice devil, leather golem, lich, lynx, nurse, pit bull, pit viper, pyrolisk, shock sphere, snow orc, spark bug, water troll
012 | baby long worm, baby purple worm, crocodile, disenchanter, ettin zombie, ghoul, giant crab, hell hound pup, hill giant, kobold lord, mouldy pudding, movanic deva, orc warrior, shade, snow golem, static blob, tiger, water elemental, werewolf, white unicorn, wolfwere, young black dragon, young blue dragon, young green dragon, young red dragon, young white dragon, young yellow dragon, zruty
013 | cobra, dwarf mummy, giant mimic, giant zombie, incubus, kobold warrior, leocrotta, leprechaun wizard, mountain nymph, nickelpede, ogre, succubus, tunnel worm, vampire bat, wolverine, yellow jacket
014 | archangel, blood imp, burbling blob, demilich, dwarf lord, fire elemental, flesh golem, giant eel, goblin king, grey elf, red naga, rock troll, wight, wood golem, young deep dragon
015 | bloodworm, fire giant, great orc, killer tripe ration, large pile of killer coins, migo queen, minotaur, monadic deva, orc captain, phase spider, sasquatch, spiderwere, steam vortex, vampire, young gold dragon
016 | arc bug, black naga, clear jelly, deep one, earth elemental, gargoyle, harpy, jaguar, ki-rin, kobold king, ogre mage, orc mummy, war orc, werespider, wumpus, wyvern
017 | bugbear, clay golem, fire ant, frost giant, ghoul mage, giant wasp, gnoll, gnome king, high elf, iron piercer, lizardman warrior, master lich, master mind flayer, orc berserker, rabid wolf, rancid jelly, snow ant, winter wolf, young shimmering dragon, young silver dragon
018 | adult orange dragon, air elemental, astral deva, basilisk, byakhee, disintegrator, fire nymph, gnoll shaman, golden naga, lizardman shaman, mangler, mountain centaur, shark, snakewere
019 | archon, demon orc, elf mummy, glass golem, gypsy, hellcat, queen bee, shadow ogre, weresnake, yellow jelly
020 | adult black dragon, adult blue dragon, adult green dragon, adult red dragon, adult white dragon, adult yellow dragon, black pudding, dwarf king, elf lord, hell hound, human king, ice elemental, ice troll, iron golem, killer iron ration, kraken, lizardman berserker, long worm, nabassu, ogre lord, pantherwere, vampire mage
021 | banshee, bloodshot eye, fire vortex, gug, human mummy, komodo dragon, lightning bug, lizardman mage, orc king, recluse spider, sandestin, stone golem, storm giant
022 | acid worm, adult deep dragon, chasme, elf king, ettin, giant beetle, guardian naga, lurker above, nazgul, vampire lord, werepanther
023 | adult gold dragon, bull, cyclops, death dog, deeper one, ghoul queen, lizardman chieftain, sabre-toothed cat, tigerwere, two-headed troll, winged gargoyle
024 | fire vampire, gnoll warrior, pearl golem, pegasus, purple worm, salamander, skeleton, water hulk
025 | adult shimmering dragon, adult silver dragon, arch-lich, energy vortex, giant scorpion, jabberwock, killer food ration, shadow wolf, spitting beetle, vrock, weretiger
026 | ettin mummy, giant mummy, ogre king, ruby golem, shoggoth, spider queen, spined devil, tengu, titan, titanothere
027 | black troll, marid, nightgaunt, treant
028 | ancient orange dragon, asphynx, baluchitherium, barbed devil, diamond golem, gnoll chieftain, hezrou, huge pile of killer coins, killer beetle, marilith, star vampire
029 | bearded devil, bone devil, horned devil, king cobra, mastodon, troll mummy
030 | ancient black dragon, ancient blue dragon, ancient green dragon, ancient red dragon, ancient white dragon, ancient yellow dragon, deepest one, displacer beast, dracolich, giant king, mist wolf, mithril golem, nightmare, sapphire golem, warlock
031 | mellified man, nalfeshnee, olog-hai
032 | bar-lgura, beholder, chromatic dragon, crystal golem, medusa, vampire king
033 | juggernaut, pit fiend
034 | ancient deep dragon, erinys, hydra
035 | ancient shimmering dragon, balrog, elephant, phase worm, trapper, vorpal jabberwock
036 | adamantine golem, giant shoggoth
037 | ancient silver dragon
038 | ancient gold dragon
039 | dragon king
