animal | abbot, acid worm, acolyte, adult black dragon, adult blue dragon, adult deep dragon, adult gold dragon, adult green dragon, adult orange dragon, adult raven, adult red dragon, adult shimmering dragon, adult silver dragon, adult white dragon, adult yellow dragon, ancient black dragon, ancient blue dragon, ancient deep dragon, ancient gold dragon, ancient green dragon, ancient orange dragon, ancient red dragon, ancient shimmering dragon, ancient silver dragon, ancient white dragon, ancient yellow dragon, angel, ape, Aphrodite, apprentice, Archmage Dirachi, Archmage Flaynn, Archpriest Avvakrum, artisan, Ashikaga Takauji, Asmodeus, asphynx, assassin bug, Assassin Mortimer, astral deva, athol, attendant, Baalzebub, babau, baby black dragon, baby blue dragon, baby crocodile, baby deep dragon, baby gold dragon, baby green dragon, baby long worm, baby orange dragon, baby purple worm, baby red dragon, baby shimmering dragon, baby silver dragon, baby white dragon, baby yellow dragon, balrog, baluchitherium, barbed devil, barking spider, bar-lgura, basilisk, bat, bearded devil, beholder, bile worm, black marketeer, black naga, black naga hatchling, black rat, black troll, black unicorn, black wasp, blinking eye, blood imp, bloodshot eye, bloodworm, bone devil, brownie, bugbear, bull, byakhee, captain, carnivorous ape, carrion crawler, caterwaul, catoblepas, cave bear, cave spider, cave troll, centipede, Cerberus, chameleon, changeling, chasme, chickatrice, chicken, chief yeoman warder, chieftain, chromatic dragon, cobra, cockatoo, cockatrice, Colonel Blood, couatl, cow, coyote, crocodile, Croesus, Cthulhu, cyclops, dark cleric, Death, death dog, deep gnome, deep one, deeper one, deepest one, Demogorgon, demon, demon orc, dingo, dingo puppy, disenchanter, disintegrator, Dispater, displacer beast, Doctor Frankenstein, dog, doppelgänger, dragon king, dretch, drow, dryad, duergar, dung worm, dwarf, dwarf king, dwarf lord, dwarf thief, dwarf warrior, dwarf zombie, Earendil, earth binder, earth maker, earth seeker, echo, electric eel, elephant, elf, elf king, elf lord, elf zombie, Elwing, embalmer, erinys, ettin, ettin zombie, exterminator, fairy, Famine, Father Dagon, fiend, fire ant, fire giant, fire nymph, flame binder, flame maker, flame seeker, fledgling raven, flesh golem, floating eye, forest centaur, fox, Frankenstein's Monster, frost binder, frost giant, frost maker, frost seeker, gargoyle, garter snake, gecko, genetic engineer, Geryon, ghast, ghoul, ghoul mage, ghoul queen, giant, giant ant, giant badger, giant bat, giant beetle, giant crab, giant eel, giant flea, giant frog, giant king, giant louse, giant mimic, giant rat, giant scorpion, giant slug, giant spider, giant termite, giant tick, giant wasp, giant zombie, gibberling, gila monster, Girtab, glass piercer, glowing eye, gnoll, gnoll chieftain, gnoll shaman, gnoll warrior, gnome, gnome king, gnome lord, gnome thief, gnome warrior, gnome zombie, gnomish wizard, goat, goblin, goblin king, golden naga, golden naga hatchling, great orc, green elf, gremlin, grey elf, grey unicorn, grimlock, guard, guardian naga, guardian naga hatchling, gug, guide, Guildmaster Vaughn, Guru Quilion, gypsy, halfling, harpy, hell hound, hell hound pup, hellbat, hellcat, hellrat, hezrou, high elf, high priest, hill giant, hill orc, Hippocrates, hobgoblin, holy cleric, homunculus, horned devil, horse, housecat, Huhetotl, human, human king, human zombie, hydra, ice devil, ice troll, iguana, imp, incubus, intern, iron piercer, Ixoth, jabberwock, jackal, jackalwere, jaguar, jellyfish, Juiblex, juvenile raven, Kaloi Thrym, kamadan, keystone captain, keystone kop, keystone lieutenant, keystone sergeant, killer bee, killer beetle, king cobra, ki-rin, kitten, kobold, kobold king, kobold lord, kobold scout, kobold shaman, kobold warrior, kobold zombie, komodo dragon, kraken, lamb, Lareth, large cat, large dingo, large dog, large kobold, large mimic, larva, lemure, leocrotta, leprechaun, leprechaun wizard, lieutenant, little dog, lizard, lizardman, lizardman berserker, lizardman chieftain, lizardman mage, lizardman shaman, lizardman warrior, Lolth, long worm, Lord Carnarvon, Lord Sato, Lord Surtur, lurker above, Lycaon, lynx, maggot, manes, mangler, marid, marilith, Master Kaen, master mind flayer, mastodon, Maugneshaagar, medusa, mellified man, merchant, Metamorphius, migo drone, migo queen, migo warrior, mind flayer, minotaur, minotaur lord, mist wolf, mobat, mongbat, monkey, Mother Hydra, mountain centaur, mountain nymph, mugger, mumak, nabassu, nalfeshnee, Nalzok, neanderthal, Neferet, newt, nickelpede, nightgaunt, nightmare, Norn, nupperibo, nurse, occultist, ogre, ogre king, ogre lord, ogre mage, olog-hai, Oracle, orc, orc berserker, orc captain, orc grunt, orc king, orc shaman, orc warrior, orc zombie, Orcus, Orion, owlbear, pack rat, page, panther, pantherwere, parrot, pegasus, Pelias, Pestilence, phase spider, phase worm, pig, piranha, pit bull, pit fiend, pit viper, pixie, plains centaur, plasmoid, pony, proudfoot, purple worm, pyrolisk, python, quantum mechanic, quasit, queen bee, quickling, rabbit, rabid rabbit, rabid rat, rabid wolf, rat king, ratwere, recluse spider, red naga, red naga hatchling, rhaumbusun, rhumbat, rock kobold, rock mole, rock piercer, rock troll, roshi, rot worm, rothé, rust monster, rutterkin, sabre-toothed cat, salamander, sandestin, sasquatch, satyr, scorpion, Scorpius, scramper, seal, sergeant, sewer rat, shadow ogre, shadow wolf, Shaman Karnov, shark, sheep, shifter, shinobi, shock binder, shock maker, shock seeker, Sir Lorimar, small mimic, snake, snakewere, snow ant, snow orc, soldier, soldier ant, spider queen, spiderwere, spined devil, spitting beetle, squealer, stalker, stone giant, storm giant, student, succubus, swamp kobold, tengu, Thorin, Thoth Amon, thug, tiger, tigerwere, titan, titanothere, tortle, tracker, transmuter, trapper, troll, tsetse fly, tunnel worm, Twoflower, two-headed troll, umber hulk, undead slayer, vampire bat, Van Helsing, vorpal jabberwock, vrock, war orc, warg, warhorse, warlock, warrior, watch captain, watchman, water binder, water hulk, water maker, water moccasin, water nymph, water seeker, water troll, werejackal, werepanther, wererat, weresnake, werespider, weretiger, werewolf, white unicorn, winged gargoyle, winter wolf, winter wolf cub, witch, wolf, wolfwere, wolverine, wood nymph, woodchuck, woodland elf, wraith, wumpus, wyvern, xan, xorn, Yeenoghu, yellow jacket, yeoman, yeoman warder, yeti, young black dragon, young blue dragon, young deep dragon, young gold dragon, young green dragon, young orange dragon, young red dragon, young shimmering dragon, young silver dragon, young white dragon, young yellow dragon, zruty
vegetable | acid blob, black mould, black pudding, blue jelly, brown mould, brown pudding, burbling blob, clear jelly, disgusting mould, gelatinous cube, giant shoggoth, green mould, green slime, grey ooze, jiggling blob, lava blob, lichen, mouldy pudding, ochre jelly, orange jelly, quivering blob, rancid jelly, red mould, shoggoth, shrieker, spotted jelly, static blob, violet fungus, yellow jelly, yellow mould

(585 will drop corpses)
